id,name,username
1692233493017714688,Mohamed ali,Mohamed29446432
3700192701,Asmaa mohamed Ali,asmaamohamed313
3386035469,AAAA/O/T,AlaaTurky55511
79970951,Digital Dubai Ø¯Ø¨ÙŠ Ø§Ù„Ø±Ù‚Ù…ÙŠØ©,DigitalDubai
1112560015079030784,ğŸ…Salaam Fashion,salaamfashion
2972486928,Ù…Ù€Ø±ÙŠÙ€Ù€Ù… Ø£Ø­Ù…Ù€Ø¯,44mm_
988177937844330497,Ù‚Ø¶ÙŠØ© ÙÙ„ÙÙ„,Obd2Egy
263817869,AIA,mosarty
1680830153704742913,ÙØ±Ø­Ø§Ù† Ø¨Ù† Ø§Ø­Ù…Ø¯,BnFrhan66728
1690677527092641792,Ø¯.Ø³Ù‡Ø§Ù… Ø£Ø®ØµÙ‘Ø§Ø¦ÙŠØ© Ø§Ù„ØªØºØ°ÙŠØ©ğŸ‡¸ğŸ‡¦,altghdhyt63
777008529999794177,Ø¯ / Ø³Ø¹Ø§Ø¯ Ø§Ù„ØµØ§Ù„Ø­ÙŠ,kudayburak6ofv
1694677109766053888,Javion Reed,javion_ree26181
778267914231246849,Ø§Ù„Ø¯ÙƒØªÙˆØ±Ø© Ø³Ù„ÙˆÙ‰ Ø§Ù„Ù…Ù€Ø·ÙŠÙ€Ø±ÙŠ,adnanmayhosuudr
778156644727418882,Ø§Ù„Ø¯ÙƒØªÙˆØ±Ø© Ø¨ÙŠØ³Ø§Ù† Ø§Ù„Ù‡Ø§Ø´Ù…ÙŠ,bircearslans3rt
2233778060,Ø¯/ Ø£Ù… Ø³Ù€Ù°Ø§Ù…ÙŠ ğŸ©º,meenabq109
778104458794397696,Ø§Ù„Ø¯ÙƒØªÙˆØ±Ù‡ // Ø¹Ù†ÙˆØ¯ Ø§Ù„Ø³Ø§Ù„Ù…ÙŠ ğŸ’«,ozbekbulentzvxz
1600301426382700546,Ahmed Ali Taha,Mohamed45152030
887998289030905856,ØªØ³ÙˆÙ†Ø§Ù…ÙŠ,llxcw
241950073,Ø¹Ø¨Ø¯Ø§Ù„Ø±Ø­Ù…Ù† Ø­Ø³Ù† Ø§Ù„Ø³ÙŠÙ‘Ø¯ğŸ‡¦ğŸ‡ª,7mAnO_
925331739018448896,Nwarii,Nwarrii2112
1687111750314049536,abomansor,abomansor210761
624040542,Ø¨Ù€Ù†Ù’ ØºÙ€ÙŠÙ‘Ù€Ø§Ø«ğŸ‡¦ğŸ‡ª,BinGheyath
1593633500791439360,Ù…ÙƒØªØ¨ Ø§Ù„Ù…Ù…Ù„ÙƒÙ‡ Ù„Ù„Ø®Ø¯Ù…Ø§Øª Ø§Ù„Ø¹Ø§Ù…Ù‡,fyl30141686
1694691050265141248,Freddy Stein,FreddyStei64267
