,id,name,username
0,1564256892939116545,Riezel vista,Riezelvista2
1,1114943539564175365,3athbeh,Dana_Alzaabi
2,1689606195466682368,Ø¨ÙˆØ¸Ø¨ÙŠ,UAEasd1233
3,504978631,Ø·Ø§Ø±Ù‚ Ø§Ù„Ø¬Ù†Ø§Ø­ÙŠ,TariqAlJanahi
4,19447368,Ø¹Ù„ÙŠ Ø¨Ù† Ù†Ø§ØµØ± Ø§Ù„Ø¹Ø³ÙŠØ±ÙŠ,Ali_Alasiri
5,344928781,ØµÙ„Ø§Ø­ Ø§Ù„Ø­Ù…Ø§Ø¯ÙŠ,salah1alhammadi
6,1557952576758640640,Abdul Rashid,AbdulRa51883964
7,628870776,ï¸Sagittariusâ™ï¸,M_rwah89
8,79970951,Digital Dubai Ø¯Ø¨ÙŠ Ø§Ù„Ø±Ù‚Ù…ÙŠØ©,DigitalDubai
9,51670557,Hassan AL Hammadi,bomariam1
10,2303148844,um3boood556,um3boood556
11,819291867082870784,Ù…Ø²Ø¯Ø­Ù…,Muzdhem
12,1471569914104365061,Sz Sz,ahmed03030303
13,1688172220940525569,Badar Badar,BadarBadar7472
14,1629628427236982786,XoL,15XoL07
15,1641214721893310465,Waled Mustafa,mustafa76waled
16,884049476473815042,Haroon My,HaroonMy1
17,850773228,Ø§Ù„ØµÙ€Ù‚Ù€ÙˆØ± Ø§Ù„Ù…Ø®Ù€Ù„ØµÙŠÙ€Ù†,bu_Lateifa
18,1102498070389055488,Lana,Ruslana85498351
19,253034542,MSM,meem_msm
20,1515055566657314822,Abdullah Albaiti,albaitiam_2005
21,1617931616,Hamza Zakaria,HamzaZak1
22,179897514,âœª Ù…Ø­Ù…Ø¯ ÙŠØ­ÙŠÙ‰ Ø§Ù„Ù…Ø³ÙƒØ±ÙŠ,AlMaskary
23,731979691,Ø³Ù„Ø·Ø§Ù† Ø§Ù„Ù…Ø¹Ù…Ø±ÙŠ,sultanAlmamari9
24,287606373,amalr,amalr__
25,722290442872557568,Sumant Lohar,LoharSumant
26,247847101,Bu Sultan ï£¿ Ø¨ÙˆØ³Ù„Ø·Ø§Ù†,AhmedBuSultan
27,1356109621937770496,Tariq Ziad,TariqZiad_DXB
28,1645760953730969600,Abdulraheem Bawazir,Abdulrahee35811
29,2981459365,ØºÙ€Ù…Ù€ÙˆØ¶,lllx7Il
30,1663125271254388737,Usman pti,UsmanArsha96977
31,1572694583120625671,Ø¹Ø¨Ø¯Ø§Ù„Ù„Ù‡ ..,uae11182
32,1563134296046444546,Ù,privunh
33,127108977,Ø§ÙŠØ§Ø¯ Ø§Ù„Ø®Ø²ÙˆØ²,eyadalkhzouz
34,1112560015079030784,ğŸ‡¦ğŸ‡ªğŸ‡ºğŸ‡² ğŸ…Salaam Fashion,salaamfashion
35,394195954,ğ•,ThursdayHosani
36,283414724,AyeğŸ§šğŸ¼â€â™€ï¸,ayesha37_
37,1596988851666436099,enjoyer ğŸª¼,ia_million
38,778140047061159937,Ø±ÙŠÙ… Ø§Ù„Ø¨Ø±ÙŠÙƒÙŠ,reemalbraiki1
39,1507330195082170391,Ø§Ù… Ø¹Ø¨Ø¯Ø§Ù„Ø¹Ø²ÙŠØ²,HusainFaeza
40,715036428,Ø§Ù„Ù€ ÙŠÙ€Ù€ Ù‚ Ù€ÙŠÙ€Ù€ Ù†,Alyqeen733
41,1653364180517371907,Ali Lahha Al Shehhi,al_lahha
42,1261056967767928839,SB3,Sultaann_3
43,927683957092765696,Ø·Ø§Ø±Ù‚ Ø§Ù„ØºØ±Ø¨Ø§Ù†ÙŠ,YmpSlVAj0IA0dQm
44,1676121133400178689,Hashimaalafari,hashimaalafari
45,1628369017613287424,CEO,ArabianElon
46,1622325813050843138,Ø¹Ø§Ù„ÙŠØ© Ø¹Ø§Ù„ÙŠØ©,aalyt7946
47,125273218,ğŸ‡ªğŸ‡¬ ğ“—ğ“ªğ“·ğ”‚,HanyAug
48,245243568,Ø§Ù„Ø­ÙƒÙˆÙ…Ø© Ø§Ù„Ø±Ù‚Ù…ÙŠØ© Ù„Ø¯ÙˆÙ„Ø© Ø§Ù„Ø§Ù…Ø§Ø±Ø§Øª,uaedgov
49,1695687288242769920,CLORINDA,CLORINcftDA
50,2743951200,Ù,_bluealya
51,2290047925,#ØªØ¨Ø§Ø¯Ù„_Ø±ÙŠØªÙˆÙŠØªØŒ #ØªØ§Ø¨Ø¹Ù†ÙŠ_Ø§ØªØ§Ø¨Ø¹Ùƒ,ASB_5500
52,968186593,OSAMA ELHARTHY,smsm_love550
53,3122949192,Weld Dubai,im_dubai
54,1244195511441244160,Ø§Ù„Ù’ÙˆÙÙƒÙÙŠÙ„Ù,AfafAlwakil
55,55322173,Ø®Ø§Ù„Ø¯ Ø§Ù„Ù…Ø²Ø±ÙˆØ¹ÙŠ,Khalidalmazroui
56,3222158827,ğ™ğ™ğ™’ğ˜¼ğ™„ğ˜¿ğ™„,MSh3aib
57,1912615824,S O N B L Â®,_SONBL
58,1097823301,Ù…Ø¨Ø§Ø±Ùƒ Ø¨Ù† Ø³Ø¹ÙŠØ¯ Ø§Ù„Ø®ÙŠÙŠÙ„ÙŠ,msmsalkhyeli
59,1469297348,yazeeeeeeeeed,buyazed288
60,1417199439849017361,investing maan,InvestingMaan
61,462020197,ØµÙØ§Ø¯Ù’ğŸ’™,Safia1ya
62,2972486928,Ù…Ù€Ø±ÙŠÙ€Ù€Ù… Ø£Ø­Ù…Ù€Ø¯,44mm_
63,4784699918,Thlipsis Imminent,thlipsisiminent
64,1341040300362510336,@Mr.Friday,MrFridaay
65,985725916650311681,Babylon Singularity,babylonsingular
66,1335789544696913924,Mahmoud Abdelfattah,Mahmoud86252921
67,423600457,ğ“ˆğ’½.,_iSheikha_
68,299102074,Ø¨Ùˆ Ø²Ø§ÙŠØ¯,MuTaYaM_EmArAtI
69,475082763,Yara ğŸ‡±ğŸ‡§,YaraAdelDiab
70,1285260435042766848,Abdulla Almarzooqi,Lemarzouqi
71,1430256350932750338,Ø®Ø§Ù„Ø¯ Ø§Ù„Ø­ÙˆØ³Ù†ÙŠ,khli1989d
72,3324784824,Alhosani555 Ø§Ø­Ù…Ø¯ Ø§Ù„Ø­ÙˆØ³Ù†ÙŠ,Uae55Alhosani
73,445293273,Ø¥Ø¨Ø±Ø§Ù‡ÙŠÙ… Ø¨Ù‡Ø²Ø§Ø¯,ibahzad
74,1251701495097163781,Ø­Ø³ÙŠÙ† Ø¹Ø¨Ø¯Ø§Ù„Ø±Ø­ÙŠÙ…,gkNYIrUC9zpFBon
75,1657337143780360193,Arjun Ram,ArjunRam63733
76,1694676296683425792,Tyrone Simon,simon_tyro43001
77,1679028432020156418,IbrahimMardini,IbrahimMar2369
78,1650870530160099329,RMM Digital Marketing,DigitalRmm
79,619034041,Business Mind FZE,BusinessMindFZE
80,45214571,Tony Brown,tonyheadset
81,1697488205635829760,Faza3,hamdanfaza771
82,4823816207,SmartCitiesWorld,SmartCitiesW
83,1583014451778912256,it's me hamzi,kolli_siyam
84,1485306558128951296,qabasmedia_om,qabasmedia_om
85,462429888,Ù…Ø¨Ø§Ø±Ùƒ,MHQUBAISI
86,832683775221915651,Wissam Dabit,WissamDabit
87,123253125,ğ˜ˆğ˜­ğ˜ºğ˜¢ â‹†,alya_says
88,1697421495931174912,sheikh hamdan mohammed,sheikh_ham57623
89,1118163506,mody,MoyedMod
90,768192927214428160,ğŸ†‚ğŸ…°ğŸ…´ğŸ…´ğŸ…³ ğŸ‡¦ğŸ‡ª,bo_askoor11
91,353757524,Ø´Ø¨ÙƒØ© Ø§Ù„Ø§Ù…Ø§Ø±Ø§Øª Ø§Ù„Ø§Ø®Ø¨Ø§Ø±ÙŠØ© ğŸ‡¦ğŸ‡ª,UAE_Network
92,1600549267147571222,Zubiya Shaikh,ZSY_5
93,1504829425,â¤â¤Ø¹Ø·Ø± Ø§Ù„Ø£Ù…Ù„ â¤â¤,jesusca88087141
94,1047625368809742336,:Â¨Â·.Â·Â¨:,roselloll
95,902056094415147008,ÚªÙ’Ø­Ù’ÙŠÙ’Ù„Ù’Ø¢Ù†Ù’,Kehilaanblushi
96,1533646708869058560,Ù„ÙŠÙ„ÙŠ ØµØ§Ù„Ø­,lylysalh182
97,965671891045421056,Ø§Ù„Ø­ÙŠØ§Ø© Ø¬Ù…ÙŠÙ„Ø©,AlHayat_Jamilah
98,1587403786900967430,mourad,mourad23872536
99,2417148120,Ù…Ø­Ù…Ø¯ Ø¯Ø±ÙˆÙŠØ´ Ø§Ù„Ø¨Ù„ÙˆØ´ÙŠ,mmohd870
100,3160958599,S,shaikhaalmans
101,1000116475808681986,stocksandbeyond,stockandbeyond
102,53957448,Muna ğŸ‡¦ğŸ‡ª,Dr_Desires
103,477197337,Ø¨Ù† Ø£Ø³Ø­Ø§Ù‚ğŸ‡¦ğŸ‡ª,mruae6
104,1523355553631776768,egyptian fighter,newegypt1973
105,1953774541,Ø§Ù„ÙƒÙ„Ø¨Ø§Ù†ÙŠ@UAEâ¤ğŸ‡¦ğŸ‡ª,abudhabisoul999
106,1336586180,Bhushan,Bhatt_Indian
107,1557103027932303360,AsaD Ali,AsaDAli23600608
108,1694746143295778816,asmit__raghuwanshi,asmitraghu89735
109,1281464846790340608,Fiaz Ahmed,fiaz_006
110,1605483123021586433,Ali Raza,19__47
111,1661422877600776192,Dr saima official,Pti1Q
112,1552334251949191168,Irfan ali Arian ğŸ§… ğŸ§…,IrfanPTIZWL
113,1123038143173799937,Syed Umar,SyedUmar0077
114,1367435529038548995,Muhammad Yahya,imyahyahafiz
115,1523603120638492680,Yahya Akber Khan,akber_yahya
116,1637011590133297152,Pakistan Revolutionary Youth,PRY_Central_ISB
117,1685956798279458816,Kuber Koge,KogeKuber20330
118,1421871740259422213,Dani ğ—¹ğ—¹,Adnan1ASSM
119,1395375345071648773,Hussain Baloch,realHussain786
120,1323174554659811328,Shubham GURJAR,shubham05345724
121,1525722845682479105,Amb Anil Trigunayat (IFSRetd),AmbTrigunayat
122,1517865927466958849,Tahir Butt,TahirBu83687687
123,1357723384600285184,Saadi rajpoot,RajaIrfaan1
124,1690982098159693824,ayesha Khan,aashiipari
125,1665895959849746432,Vaishvypar News bihar,vaishvypar
126,1558440207531352064,Dà½²eà½²cà½²eà½²nà½²tà½² Gà½²uà½²jà½²jà½²aà½²rà½²,D3G39
127,772902663574974464,meow,___Syeda
128,1667235546,muzafar bukhari,MuzafarBukhari
129,1665570486288515073,Ramiz khan,rmz_8k
130,1554659087534653443,Doulat Khan PTI,doulatKhan_pti
131,1206100214907592704,Sardar Khan,SardarK84827234
132,755521833563226113,GÃ¼lhan,eloxatin1
133,1696497974346391552,Patriot,FaisalAliNORGE
134,1694659610228174848,Bear me,saadamir1474634
135,1611687605543882754,Saad Hussain,saadhussain479
136,1532035232353771520,ğŸ¥€Aqeel Ahmad KhanğŸŒ·,Aqeel092
137,1680964202335203329,Zikriyakhan,zikriyakhan7777
138,1691026138762547201,Neeraj Raikwar,RaikwarNee39996
139,1584592580209172481,proxy 98,rubabzara98
140,1687464790480887808,Ab-Karim,KarimabKarim
141,1680532338562977792,à¤à¤¶à¥à¤µà¤°à¥à¤¯à¤¾ à¤°à¤¾à¤¨à¥€ğŸ€,aishwarya_ind01
142,1612755803844317184,Hamid khan,Hamid558021042
143,3301664136,Qazi Asif,QMAAsif
144,1159436124932255745,ÙØ¶Ù€Ù€ğ’¶ğ“€ğ’·ğ’¶ğ“‡Ù€Ù€Ù€Ù€Ù„,1fzall
145,860204507732606976,ğŸ‡µğŸ‡°ğŸ‡¬ğŸ‡§ShaazBajwağŸ‡µğŸ‡°ğŸ‡¬ğŸ‡§,juttOfficialuk
146,73871354,Ravi Karki,rmkarki
147,1364636619504984064,mohsinkhan,khanmohsinengr
148,1655437680644087809,sushil,hindustani2468
149,1064718205846020096,Aslam khan,aslamk747
150,1255240997723914241,OreoSaladin@kpk,Mustafa09304825
151,1662770794685140992,MAJID ULLAH,MAJIDULLAH61361
152,1031848870022660097,talat athangal,talatathangal99
153,787090220390940674,Aziz AzaadğŸ‡µğŸ‡°î¨€,AzizAzaadPK
154,196050479,ManipalBlog,manipalblog
155,1197395651606253568,Ãœsman Khan,LimboUsman
156,1625571084451061760,Usman Shanu,usmanshanu89
157,1576780836564631552,Chiman Gurjar ( PET ),ChimanGurjar4
158,1574855162212098048,Mr Dar,saifdar81
159,2833799300,Faiza Riaz,Faiza786Riaz
160,1676605691887271936,Toom Crous,crous_toom57884
161,1536661805619347456,azra,azra_536
162,1051334369866969089,Umesh,k_s_umesh
163,1542101212710830080,Faiz Khan,faizkh01234
164,1513537452337733634,Zubair Iqbal,Zubair91190
165,1350776314035367936,Ø¹Ø§Ù… Ù¾Ø§Ú©Ø³ØªØ§Ù†ÛŒ ğŸ‡µğŸ‡°,Pakistan2023i
166,1267448779390812161,love Pakistan),zola_nazli
167,1528299488292417536,î¨€Lee,le_mcb
168,866025481975541762,Ø³ÛŒØ¯ Ù…Ø­Ù…Ø¯ Ø¹Ù„ÛŒ Ù…Ø±ØªØ¶ÙˆÛŒ,mortazave451
169,1679093281605705729,naseem Khan,naseemKhan72074
170,1687746990900129792,Aslahr Ali,AliAslahr19490
171,1358264096706076673,S P,BJP4SP
172,1697438334535045120,Fadyaa Baloch,BalochFady28981
173,1261072348414951424,Ummad Ali,UmmadQureshi
174,1591400027364155392,pak zindaabaad,ZindaabaadPak
175,1124190458048069632,Osh,Jnm78425496
176,1325797692921044992,Saad Kaiser ğŸ‡µğŸ‡°,TheSaadKaiser
177,1685955859749257217,Jay Pal,JayPal378457
178,3140434417,Zubair Chaudhary,ChaudheryZubair
179,1693922000425648128,Agha Khan,AghaKha8017025
180,1597045868934340608,Muhammad,Awan_Umar123
181,1573506048677355551,ğŸ‡µğŸ‡°â™¥ï¸ğŸ‡ªğŸ‡­ Ø¹Ù…Ø± Ø³Ø±ÙˆØ±,sarver_umer
182,1691025137779290112,Shubham Mourya,Shubham_9686223
183,1542795667072229377,kesarlatif,kesarlatif
184,1671680490498301952,Singh Abhinav Ram veer .,Singham0369
185,1528492175885062144,GriloğŸ¦…ğŸ”¥,Grilo_93
186,1675160003857256450,Aman thakur,Amanthakur0101
187,1639446813903077379,ØµÙØ§Ø¡ Ø§Ù„Ø±ÙˆØ­,AsA717626
188,1685973553613852672,sourabh gaming star,sourabhgam90967
189,1691022589324333056,Faisal ilyas,Faisalilya37227
190,1564256892939116545,Riezel vista,Riezelvista2
191,1114943539564175365,3athbeh,Dana_Alzaabi
192,1689606195466682368,Ø¨ÙˆØ¸Ø¨ÙŠ,UAEasd1233
193,51670557,Hassan AL Hammadi,bomariam1
194,2303148844,um3boood556,um3boood556
195,819291867082870784,Ù…Ø²Ø¯Ø­Ù…,Muzdhem
196,1471569914104365061,Sz Sz,ahmed03030303
197,1688172220940525569,Badar Badar,BadarBadar7472
198,1629628427236982786,XoL,15XoL07
199,1641214721893310465,Waled Mustafa,mustafa76waled
200,884049476473815042,Haroon My,HaroonMy1
201,1515055566657314822,Abdullah Albaiti,albaitiam_2005
202,1583014451778912256,it's me hamzi,kolli_siyam
203,1617931616,Hamza Zakaria,HamzaZak1
204,179897514,âœª Ù…Ø­Ù…Ø¯ ÙŠØ­ÙŠÙ‰ Ø§Ù„Ù…Ø³ÙƒØ±ÙŠ,AlMaskary
205,731979691,Ø³Ù„Ø·Ø§Ù† Ø§Ù„Ù…Ø¹Ù…Ø±ÙŠ,sultanAlmamari9
206,287606373,amalr,amalr__
207,247847101,Bu Sultan ï£¿ Ø¨ÙˆØ³Ù„Ø·Ø§Ù†,AhmedBuSultan
208,1485306558128951296,qabasmedia_om,qabasmedia_om
209,462429888,Ù…Ø¨Ø§Ø±Ùƒ,MHQUBAISI
210,1645760953730969600,Abdulraheem Bawazir,Abdulrahee35811
211,2981459365,ØºÙ€Ù…Ù€ÙˆØ¶,lllx7Il
212,1663125271254388737,Usman pti,UsmanArsha96977
213,1572694583120625671,Ø¹Ø¨Ø¯Ø§Ù„Ù„Ù‡ ..,uae11182
214,1563134296046444546,Ù,privunh
215,127108977,Ø§ÙŠØ§Ø¯ Ø§Ù„Ø®Ø²ÙˆØ²,eyadalkhzouz
216,394195954,ğ•,ThursdayHosani
217,283414724,AyeğŸ§šğŸ¼â€â™€ï¸,ayesha37_
218,1596988851666436099,enjoyer ğŸª¼,ia_million
219,778140047061159937,Ø±ÙŠÙ… Ø§Ù„Ø¨Ø±ÙŠÙƒÙŠ,reemalbraiki1
220,1507330195082170391,Ø§Ù… Ø¹Ø¨Ø¯Ø§Ù„Ø¹Ø²ÙŠØ²,HusainFaeza
221,715036428,Ø§Ù„Ù€ ÙŠÙ€Ù€ Ù‚ Ù€ÙŠÙ€Ù€ Ù†,Alyqeen733
222,1653364180517371907,Ali Lahha Al Shehhi,al_lahha
223,1261056967767928839,SB3,Sultaann_3
224,927683957092765696,Ø·Ø§Ø±Ù‚ Ø§Ù„ØºØ±Ø¨Ø§Ù†ÙŠ,YmpSlVAj0IA0dQm
225,832683775221915651,Wissam Dabit,WissamDabit
226,504978631,Ø·Ø§Ø±Ù‚ Ø§Ù„Ø¬Ù†Ø§Ø­ÙŠ,TariqAlJanahi
227,1676121133400178689,Hashimaalafari,hashimaalafari
228,1628369017613287424,CEO,ArabianElon
229,1622325813050843138,Ø¹Ø§Ù„ÙŠØ© Ø¹Ø§Ù„ÙŠØ©,aalyt7946
230,123253125,ğ˜ˆğ˜­ğ˜ºğ˜¢ â‹†,alya_says
231,125273218,ğŸ‡ªğŸ‡¬ ğ“—ğ“ªğ“·ğ”‚,HanyAug
232,245243568,Ø§Ù„Ø­ÙƒÙˆÙ…Ø© Ø§Ù„Ø±Ù‚Ù…ÙŠØ© Ù„Ø¯ÙˆÙ„Ø© Ø§Ù„Ø§Ù…Ø§Ø±Ø§Øª,uaedgov
233,2743951200,Ù,_bluealya
234,1697488205635829760,Faza3,hamdanfaza771
235,968186593,OSAMA ELHARTHY,smsm_love550
236,3122949192,Weld Dubai,im_dubai
237,1244195511441244160,Ø§Ù„Ù’ÙˆÙÙƒÙÙŠÙ„Ù,AfafAlwakil
238,55322173,Ø®Ø§Ù„Ø¯ Ø§Ù„Ù…Ø²Ø±ÙˆØ¹ÙŠ,Khalidalmazroui
239,3222158827,ğ™ğ™ğ™’ğ˜¼ğ™„ğ˜¿ğ™„,MSh3aib
240,1697421495931174912,sheikh hamdan mohammed,sheikh_ham57623
241,1912615824,S O N B L Â®,_SONBL
242,1469297348,yazeeeeeeeeed,buyazed288
243,1417199439849017361,investing maan,InvestingMaan
244,462020197,ØµÙØ§Ø¯Ù’ğŸ’™,Safia1ya
245,2972486928,Ù…Ù€Ø±ÙŠÙ€Ù€Ù… Ø£Ø­Ù…Ù€Ø¯,44mm_
246,1341040300362510336,@Mr.Friday,MrFridaay
247,1335789544696913924,Mahmoud Abdelfattah,Mahmoud86252921
248,299102074,Ø¨Ùˆ Ø²Ø§ÙŠØ¯,MuTaYaM_EmArAtI
249,475082763,Yara ğŸ‡±ğŸ‡§,YaraAdelDiab
250,1285260435042766848,Abdulla Almarzooqi,Lemarzouqi
251,1430256350932750338,Ø®Ø§Ù„Ø¯ Ø§Ù„Ø­ÙˆØ³Ù†ÙŠ,khli1989d
252,3324784824,Alhosani555 Ø§Ø­Ù…Ø¯ Ø§Ù„Ø­ÙˆØ³Ù†ÙŠ,Uae55Alhosani
253,445293273,Ø¥Ø¨Ø±Ø§Ù‡ÙŠÙ… Ø¨Ù‡Ø²Ø§Ø¯,ibahzad
254,1251701495097163781,Ø­Ø³ÙŠÙ† Ø¹Ø¨Ø¯Ø§Ù„Ø±Ø­ÙŠÙ…,gkNYIrUC9zpFBon
255,1657337143780360193,Arjun Ram,ArjunRam63733
256,1118163506,mody,MoyedMod
257,79970951,Digital Dubai Ø¯Ø¨ÙŠ Ø§Ù„Ø±Ù‚Ù…ÙŠØ©,DigitalDubai
258,1679028432020156418,IbrahimMardini,IbrahimMar2369
259,768192927214428160,ğŸ†‚ğŸ…°ğŸ…´ğŸ…´ğŸ…³ ğŸ‡¦ğŸ‡ª,bo_askoor11
260,353757524,Ø´Ø¨ÙƒØ© Ø§Ù„Ø§Ù…Ø§Ø±Ø§Øª Ø§Ù„Ø§Ø®Ø¨Ø§Ø±ÙŠØ© ğŸ‡¦ğŸ‡ª,UAE_Network
261,1600549267147571222,Zubiya Shaikh,ZSY_5
262,1504829425,â¤â¤Ø¹Ø·Ø± Ø§Ù„Ø£Ù…Ù„ â¤â¤,jesusca88087141
263,1047625368809742336,:Â¨Â·.Â·Â¨:,roselloll
264,902056094415147008,ÚªÙ’Ø­Ù’ÙŠÙ’Ù„Ù’Ø¢Ù†Ù’,Kehilaanblushi
265,1533646708869058560,Ù„ÙŠÙ„ÙŠ ØµØ§Ù„Ø­,lylysalh182
266,965671891045421056,Ø§Ù„Ø­ÙŠØ§Ø© Ø¬Ù…ÙŠÙ„Ø©,AlHayat_Jamilah
267,1587403786900967430,mourad,mourad23872536
268,2417148120,Ù…Ø­Ù…Ø¯ Ø¯Ø±ÙˆÙŠØ´ Ø§Ù„Ø¨Ù„ÙˆØ´ÙŠ,mmohd870
269,3160958599,S,shaikhaalmans
270,1000116475808681986,stocksandbeyond,stockandbeyond
271,53957448,Muna ğŸ‡¦ğŸ‡ª,Dr_Desires
272,477197337,Ø¨Ù† Ø£Ø³Ø­Ø§Ù‚ğŸ‡¦ğŸ‡ª,mruae6
273,1523355553631776768,egyptian fighter,newegypt1973
274,1953774541,Ø§Ù„ÙƒÙ„Ø¨Ø§Ù†ÙŠ@UAEâ¤ğŸ‡¦ğŸ‡ª,abudhabisoul999
275,1564256892939116545,Riezel vista,Riezelvista2
276,1114943539564175365,3athbeh,Dana_Alzaabi
277,1689606195466682368,Ø¨ÙˆØ¸Ø¨ÙŠ,UAEasd1233
278,504978631,Ø·Ø§Ø±Ù‚ Ø§Ù„Ø¬Ù†Ø§Ø­ÙŠ,TariqAlJanahi
279,19447368,Ø¹Ù„ÙŠ Ø¨Ù† Ù†Ø§ØµØ± Ø§Ù„Ø¹Ø³ÙŠØ±ÙŠ,Ali_Alasiri
280,344928781,ØµÙ„Ø§Ø­ Ø§Ù„Ø­Ù…Ø§Ø¯ÙŠ,salah1alhammadi
281,1557952576758640640,Abdul Rashid,AbdulRa51883964
282,628870776,ï¸Sagittariusâ™ï¸,M_rwah89
283,79970951,Digital Dubai Ø¯Ø¨ÙŠ Ø§Ù„Ø±Ù‚Ù…ÙŠØ©,DigitalDubai
284,51670557,Hassan AL Hammadi,bomariam1
285,2303148844,um3boood556,um3boood556
286,819291867082870784,Ù…Ø²Ø¯Ø­Ù…,Muzdhem
287,1471569914104365061,Sz Sz,ahmed03030303
288,1688172220940525569,Badar Badar,BadarBadar7472
289,1629628427236982786,XoL,15XoL07
290,1641214721893310465,Waled Mustafa,mustafa76waled
291,884049476473815042,Haroon My,HaroonMy1
292,850773228,Ø§Ù„ØµÙ€Ù‚Ù€ÙˆØ± Ø§Ù„Ù…Ø®Ù€Ù„ØµÙŠÙ€Ù†,bu_Lateifa
293,1102498070389055488,Lana,Ruslana85498351
294,253034542,MSM,meem_msm
295,1515055566657314822,Abdullah Albaiti,albaitiam_2005
296,1617931616,Hamza Zakaria,HamzaZak1
297,179897514,âœª Ù…Ø­Ù…Ø¯ ÙŠØ­ÙŠÙ‰ Ø§Ù„Ù…Ø³ÙƒØ±ÙŠ,AlMaskary
298,731979691,Ø³Ù„Ø·Ø§Ù† Ø§Ù„Ù…Ø¹Ù…Ø±ÙŠ,sultanAlmamari9
299,287606373,amalr,amalr__
300,722290442872557568,Sumant Lohar,LoharSumant
301,247847101,Bu Sultan ï£¿ Ø¨ÙˆØ³Ù„Ø·Ø§Ù†,AhmedBuSultan
302,1356109621937770496,Tariq Ziad,TariqZiad_DXB
303,1645760953730969600,Abdulraheem Bawazir,Abdulrahee35811
304,2981459365,ØºÙ€Ù…Ù€ÙˆØ¶,lllx7Il
305,1663125271254388737,Usman pti,UsmanArsha96977
306,1572694583120625671,Ø¹Ø¨Ø¯Ø§Ù„Ù„Ù‡ ..,uae11182
307,1563134296046444546,Ù,privunh
308,127108977,Ø§ÙŠØ§Ø¯ Ø§Ù„Ø®Ø²ÙˆØ²,eyadalkhzouz
309,1112560015079030784,ğŸ‡¦ğŸ‡ªğŸ‡ºğŸ‡² ğŸ…Salaam Fashion,salaamfashion
310,394195954,ğ•,ThursdayHosani
311,283414724,AyeğŸ§šğŸ¼â€â™€ï¸,ayesha37_
312,1596988851666436099,enjoyer ğŸª¼,ia_million
313,778140047061159937,Ø±ÙŠÙ… Ø§Ù„Ø¨Ø±ÙŠÙƒÙŠ,reemalbraiki1
314,1507330195082170391,Ø§Ù… Ø¹Ø¨Ø¯Ø§Ù„Ø¹Ø²ÙŠØ²,HusainFaeza
315,715036428,Ø§Ù„Ù€ ÙŠÙ€Ù€ Ù‚ Ù€ÙŠÙ€Ù€ Ù†,Alyqeen733
316,1653364180517371907,Ali Lahha Al Shehhi,al_lahha
317,1261056967767928839,SB3,Sultaann_3
318,927683957092765696,Ø·Ø§Ø±Ù‚ Ø§Ù„ØºØ±Ø¨Ø§Ù†ÙŠ,YmpSlVAj0IA0dQm
319,1676121133400178689,Hashimaalafari,hashimaalafari
320,1628369017613287424,CEO,ArabianElon
321,1622325813050843138,Ø¹Ø§Ù„ÙŠØ© Ø¹Ø§Ù„ÙŠØ©,aalyt7946
322,125273218,ğŸ‡ªğŸ‡¬ ğ“—ğ“ªğ“·ğ”‚,HanyAug
323,245243568,Ø§Ù„Ø­ÙƒÙˆÙ…Ø© Ø§Ù„Ø±Ù‚Ù…ÙŠØ© Ù„Ø¯ÙˆÙ„Ø© Ø§Ù„Ø§Ù…Ø§Ø±Ø§Øª,uaedgov
324,1695687288242769920,CLORINDA,CLORINcftDA
325,2743951200,Ù,_bluealya
326,2290047925,#ØªØ¨Ø§Ø¯Ù„_Ø±ÙŠØªÙˆÙŠØªØŒ #ØªØ§Ø¨Ø¹Ù†ÙŠ_Ø§ØªØ§Ø¨Ø¹Ùƒ,ASB_5500
327,968186593,OSAMA ELHARTHY,smsm_love550
328,3122949192,Weld Dubai,im_dubai
329,1244195511441244160,Ø§Ù„Ù’ÙˆÙÙƒÙÙŠÙ„Ù,AfafAlwakil
330,55322173,Ø®Ø§Ù„Ø¯ Ø§Ù„Ù…Ø²Ø±ÙˆØ¹ÙŠ,Khalidalmazroui
331,3222158827,ğ™ğ™ğ™’ğ˜¼ğ™„ğ˜¿ğ™„,MSh3aib
332,1912615824,S O N B L Â®,_SONBL
333,1097823301,Ù…Ø¨Ø§Ø±Ùƒ Ø¨Ù† Ø³Ø¹ÙŠØ¯ Ø§Ù„Ø®ÙŠÙŠÙ„ÙŠ,msmsalkhyeli
334,1469297348,yazeeeeeeeeed,buyazed288
335,1417199439849017361,investing maan,InvestingMaan
336,462020197,ØµÙØ§Ø¯Ù’ğŸ’™,Safia1ya
337,2972486928,Ù…Ù€Ø±ÙŠÙ€Ù€Ù… Ø£Ø­Ù…Ù€Ø¯,44mm_
338,4784699918,Thlipsis Imminent,thlipsisiminent
339,1341040300362510336,@Mr.Friday,MrFridaay
340,985725916650311681,Babylon Singularity,babylonsingular
341,1335789544696913924,Mahmoud Abdelfattah,Mahmoud86252921
342,423600457,ğ“ˆğ’½.,_iSheikha_
343,299102074,Ø¨Ùˆ Ø²Ø§ÙŠØ¯,MuTaYaM_EmArAtI
344,475082763,Yara ğŸ‡±ğŸ‡§,YaraAdelDiab
345,1285260435042766848,Abdulla Almarzooqi,Lemarzouqi
346,1430256350932750338,Ø®Ø§Ù„Ø¯ Ø§Ù„Ø­ÙˆØ³Ù†ÙŠ,khli1989d
347,3324784824,Alhosani555 Ø§Ø­Ù…Ø¯ Ø§Ù„Ø­ÙˆØ³Ù†ÙŠ,Uae55Alhosani
348,445293273,Ø¥Ø¨Ø±Ø§Ù‡ÙŠÙ… Ø¨Ù‡Ø²Ø§Ø¯,ibahzad
349,1251701495097163781,Ø­Ø³ÙŠÙ† Ø¹Ø¨Ø¯Ø§Ù„Ø±Ø­ÙŠÙ…,gkNYIrUC9zpFBon
350,1657337143780360193,Arjun Ram,ArjunRam63733
351,1694676296683425792,Tyrone Simon,simon_tyro43001
352,1679028432020156418,IbrahimMardini,IbrahimMar2369
353,1650870530160099329,RMM Digital Marketing,DigitalRmm
354,619034041,Business Mind FZE,BusinessMindFZE
355,45214571,Tony Brown,tonyheadset
356,1697488205635829760,Faza3,hamdanfaza771
357,4823816207,SmartCitiesWorld,SmartCitiesW
358,1564256892939116545,Riezel vista,Riezelvista2
359,1114943539564175365,3athbeh,Dana_Alzaabi
360,1689606195466682368,Ø¨ÙˆØ¸Ø¨ÙŠ,UAEasd1233
361,51670557,Hassan AL Hammadi,bomariam1
362,2303148844,um3boood556,um3boood556
363,819291867082870784,Ù…Ø²Ø¯Ø­Ù…,Muzdhem
364,1471569914104365061,Sz Sz,ahmed03030303
365,1688172220940525569,Badar Badar,BadarBadar7472
366,1629628427236982786,XoL,15XoL07
367,1641214721893310465,Waled Mustafa,mustafa76waled
368,884049476473815042,Haroon My,HaroonMy1
369,1515055566657314822,Abdullah Albaiti,albaitiam_2005
370,1583014451778912256,it's me hamzi,kolli_siyam
371,1617931616,Hamza Zakaria,HamzaZak1
372,179897514,âœª Ù…Ø­Ù…Ø¯ ÙŠØ­ÙŠÙ‰ Ø§Ù„Ù…Ø³ÙƒØ±ÙŠ,AlMaskary
373,731979691,Ø³Ù„Ø·Ø§Ù† Ø§Ù„Ù…Ø¹Ù…Ø±ÙŠ,sultanAlmamari9
374,287606373,amalr,amalr__
375,247847101,Bu Sultan ï£¿ Ø¨ÙˆØ³Ù„Ø·Ø§Ù†,AhmedBuSultan
376,1485306558128951296,qabasmedia_om,qabasmedia_om
377,462429888,Ù…Ø¨Ø§Ø±Ùƒ,MHQUBAISI
378,1645760953730969600,Abdulraheem Bawazir,Abdulrahee35811
379,2981459365,ØºÙ€Ù…Ù€ÙˆØ¶,lllx7Il
380,1663125271254388737,Usman pti,UsmanArsha96977
381,1572694583120625671,Ø¹Ø¨Ø¯Ø§Ù„Ù„Ù‡ ..,uae11182
382,1563134296046444546,Ù,privunh
383,127108977,Ø§ÙŠØ§Ø¯ Ø§Ù„Ø®Ø²ÙˆØ²,eyadalkhzouz
384,394195954,ğ•,ThursdayHosani
385,283414724,AyeğŸ§šğŸ¼â€â™€ï¸,ayesha37_
386,1596988851666436099,enjoyer ğŸª¼,ia_million
387,778140047061159937,Ø±ÙŠÙ… Ø§Ù„Ø¨Ø±ÙŠÙƒÙŠ,reemalbraiki1
388,1507330195082170391,Ø§Ù… Ø¹Ø¨Ø¯Ø§Ù„Ø¹Ø²ÙŠØ²,HusainFaeza
389,715036428,Ø§Ù„Ù€ ÙŠÙ€Ù€ Ù‚ Ù€ÙŠÙ€Ù€ Ù†,Alyqeen733
390,1653364180517371907,Ali Lahha Al Shehhi,al_lahha
391,1261056967767928839,SB3,Sultaann_3
392,927683957092765696,Ø·Ø§Ø±Ù‚ Ø§Ù„ØºØ±Ø¨Ø§Ù†ÙŠ,YmpSlVAj0IA0dQm
393,832683775221915651,Wissam Dabit,WissamDabit
394,504978631,Ø·Ø§Ø±Ù‚ Ø§Ù„Ø¬Ù†Ø§Ø­ÙŠ,TariqAlJanahi
395,1676121133400178689,Hashimaalafari,hashimaalafari
396,1628369017613287424,CEO,ArabianElon
397,1622325813050843138,Ø¹Ø§Ù„ÙŠØ© Ø¹Ø§Ù„ÙŠØ©,aalyt7946
398,123253125,ğ˜ˆğ˜­ğ˜ºğ˜¢ â‹†,alya_says
399,125273218,ğŸ‡ªğŸ‡¬ ğ“—ğ“ªğ“·ğ”‚,HanyAug
400,245243568,Ø§Ù„Ø­ÙƒÙˆÙ…Ø© Ø§Ù„Ø±Ù‚Ù…ÙŠØ© Ù„Ø¯ÙˆÙ„Ø© Ø§Ù„Ø§Ù…Ø§Ø±Ø§Øª,uaedgov
401,2743951200,Ù,_bluealya
402,1697488205635829760,Faza3,hamdanfaza771
403,968186593,OSAMA ELHARTHY,smsm_love550
404,3122949192,Weld Dubai,im_dubai
405,1244195511441244160,Ø§Ù„Ù’ÙˆÙÙƒÙÙŠÙ„Ù,AfafAlwakil
406,55322173,Ø®Ø§Ù„Ø¯ Ø§Ù„Ù…Ø²Ø±ÙˆØ¹ÙŠ,Khalidalmazroui
407,3222158827,ğ™ğ™ğ™’ğ˜¼ğ™„ğ˜¿ğ™„,MSh3aib
408,1697421495931174912,sheikh hamdan mohammed,sheikh_ham57623
409,1912615824,S O N B L Â®,_SONBL
410,1469297348,yazeeeeeeeeed,buyazed288
411,1417199439849017361,investing maan,InvestingMaan
412,462020197,ØµÙØ§Ø¯Ù’ğŸ’™,Safia1ya
413,2972486928,Ù…Ù€Ø±ÙŠÙ€Ù€Ù… Ø£Ø­Ù…Ù€Ø¯,44mm_
414,1341040300362510336,@Mr.Friday,MrFridaay
415,1335789544696913924,Mahmoud Abdelfattah,Mahmoud86252921
416,299102074,Ø¨Ùˆ Ø²Ø§ÙŠØ¯,MuTaYaM_EmArAtI
417,475082763,Yara ğŸ‡±ğŸ‡§,YaraAdelDiab
418,1285260435042766848,Abdulla Almarzooqi,Lemarzouqi
419,1430256350932750338,Ø®Ø§Ù„Ø¯ Ø§Ù„Ø­ÙˆØ³Ù†ÙŠ,khli1989d
420,3324784824,Alhosani555 Ø§Ø­Ù…Ø¯ Ø§Ù„Ø­ÙˆØ³Ù†ÙŠ,Uae55Alhosani
421,445293273,Ø¥Ø¨Ø±Ø§Ù‡ÙŠÙ… Ø¨Ù‡Ø²Ø§Ø¯,ibahzad
422,1251701495097163781,Ø­Ø³ÙŠÙ† Ø¹Ø¨Ø¯Ø§Ù„Ø±Ø­ÙŠÙ…,gkNYIrUC9zpFBon
423,1657337143780360193,Arjun Ram,ArjunRam63733
424,1118163506,mody,MoyedMod
425,79970951,Digital Dubai Ø¯Ø¨ÙŠ Ø§Ù„Ø±Ù‚Ù…ÙŠØ©,DigitalDubai
426,1679028432020156418,IbrahimMardini,IbrahimMar2369
427,768192927214428160,ğŸ†‚ğŸ…°ğŸ…´ğŸ…´ğŸ…³ ğŸ‡¦ğŸ‡ª,bo_askoor11
428,353757524,Ø´Ø¨ÙƒØ© Ø§Ù„Ø§Ù…Ø§Ø±Ø§Øª Ø§Ù„Ø§Ø®Ø¨Ø§Ø±ÙŠØ© ğŸ‡¦ğŸ‡ª,UAE_Network
429,1600549267147571222,Zubiya Shaikh,ZSY_5
430,1504829425,â¤â¤Ø¹Ø·Ø± Ø§Ù„Ø£Ù…Ù„ â¤â¤,jesusca88087141
431,1047625368809742336,:Â¨Â·.Â·Â¨:,roselloll
432,902056094415147008,ÚªÙ’Ø­Ù’ÙŠÙ’Ù„Ù’Ø¢Ù†Ù’,Kehilaanblushi
433,1533646708869058560,Ù„ÙŠÙ„ÙŠ ØµØ§Ù„Ø­,lylysalh182
434,965671891045421056,Ø§Ù„Ø­ÙŠØ§Ø© Ø¬Ù…ÙŠÙ„Ø©,AlHayat_Jamilah
435,1587403786900967430,mourad,mourad23872536
436,2417148120,Ù…Ø­Ù…Ø¯ Ø¯Ø±ÙˆÙŠØ´ Ø§Ù„Ø¨Ù„ÙˆØ´ÙŠ,mmohd870
437,3160958599,S,shaikhaalmans
438,1000116475808681986,stocksandbeyond,stockandbeyond
439,53957448,Muna ğŸ‡¦ğŸ‡ª,Dr_Desires
440,477197337,Ø¨Ù† Ø£Ø³Ø­Ø§Ù‚ğŸ‡¦ğŸ‡ª,mruae6
441,1523355553631776768,egyptian fighter,newegypt1973
442,1953774541,Ø§Ù„ÙƒÙ„Ø¨Ø§Ù†ÙŠ@UAEâ¤ğŸ‡¦ğŸ‡ª,abudhabisoul999
443,1689606195466682368,Ø¨ÙˆØ¸Ø¨ÙŠ,UAEasd1233
444,504978631,Ø·Ø§Ø±Ù‚ Ø§Ù„Ø¬Ù†Ø§Ø­ÙŠ,TariqAlJanahi
445,79970951,Digital Dubai Ø¯Ø¨ÙŠ Ø§Ù„Ø±Ù‚Ù…ÙŠØ©,DigitalDubai
446,1656261917990694913,Mujtaba bajwa,Mujtababaj23048
447,30470669,Rizvi,aliy2k75
448,1671680490498301952,Singh Abhinav Ram veer .,Singham0369
449,1698380532709560320,Ù†Ø¹Ù…Ø§Ù† Ø§Ú©Ø±Ù… ÙˆÙ¹Ùˆ,noumanakram6565
450,1378974685069643776,Arslan Mirza ğŸ‡µğŸ‡°,ArslanM24471864
451,1546455020782194691,Raiha AzeemğŸ‡µğŸ‡°,RaihaAzeem
452,1485571021675450368,Shahzad Khan,Iam_Shahzadkhan
453,1620460482506137601,Nasir Mehmood,NasirMehmoodKS
454,717233764951261185,Imran Azam,AzamImranazam87
455,937724398395691010,Muhammad Musa,Muhamma92313088
456,1676104943412076545,Pringle,Pringlepaprika
457,1473973594396966917,M waqas khan,Mwaqask78678671
458,1463459102592491520,Hussain bhaaiğŸ¦ğŸ™Œ,Muhamma50632913
459,1683763165841215488,Sajadali Khanzada,SajadaliK23280
460,1685411781571760128,ØªÙˆØªÙŠğŸŒ»ğŸŒ»,twty374255
461,1666804081,Rajkumar Yadav,R_RAJYADAV
462,815048759189110786,Qadar Afridi,QadarAfridi5
463,891961051,Waleed,waleedjanjua91
464,1570301076040982533,dr shahida irfan,IrfanShahida1
465,2895947923,Malik wahid wazirâ­,WahidWaxir
466,1513967487678828544,Imran Khan ka tiger,AghaTar87962003
467,4859111542,ğ’«ğ’¶ğ“‰ğ“‡ğ’¾â„´ğ“‰ğ’¾ğ’¸ ğ’«ğ’¶ğ“€ğ’¾ğ“ˆğ“‰ğ’¶ğ“ƒğ’¾ğŸ‡µğŸ‡°ğŸ’š,M_GondalPTI
468,1160929127970398208,Burnol Supplier ğŸ’£,Burnol_Supplier
469,372965983,Night Angel,AngelRen12
470,1584218570170535940,Ø¨ÛŒØ±Ú© Ù†Ù…Ø¨Ø±3Ù‚ÛŒØ¯ÛŒ Ù†Ù…Ø¨Ø±804,AsifPTI804
471,1261996603755450368,Alam.Zaib,AlamZaib_1989
472,1177121365796761600,Usman Ali,UsmanAl70209423
473,1492545904657977349,MANISH YADAV,SMAJVADIPATY
474,1638858625551663104,Rehan Khan,Globalfacts00
475,4022373316,Amit K. Yadav,meamitsaifai15
476,1301620925117259777,Ø¨Ù†Ø¯Û‚ Ø®ÙØ¯Ø§,AOhvOc1Tqik0pm0
477,1509395825834983427,ğŸ‡µğŸ‡° Ø¹Ù€Ù€Ù€Ù„ÛŒ Ø¨Ù€Ú¾Ù¹ÛŒ,AmirAli87756240
478,1558440207531352064,Dà½²eà½²cà½²eà½²nà½²tà½² Gà½²uà½²jà½²jà½²aà½²rà½²,D3G39
479,1427580003403894792,Aziz sheraz,Azizsheraz1
480,1350097586430963720,Abhishek,Abhishe51723474
481,1517930894031474693,Aslam Shehzad,AslamShehzad15
482,1664560064416587777,Fatima,fat8_t
483,1514039503740096514,ARFEEN Sohail,arfeen_sohail
484,1096672773408260096,umarkhan,UmarSarfarazz
485,1173108493215158272,Giantslayer_Hkips,Foxtrotwolf2020
486,4076069794,farheen fatima,farheen60567004
487,1028963647836618752,Bhavika Kapoor âœ‹,BhavikaKapoor5
488,1471608295987286024,LionğŸ‡µğŸ‡¹,itz_lionsmith
489,84279230,Hamza Rehman Jami ğŸ‡µğŸ‡°,HamzaRJami
490,1685104055209906176,Mahnoor juttttt,MuhammadJa71721
491,1669012625773195264,Shruti,Shruti_ind1
492,832566537039048704,Sajwar Ali Khan,sajwar_ali
493,144438400,Common Citizen..Bharat first,nagrikfirst
494,1033293892924264449,Media Star World,mediastar_world
495,1528299488292417536,î¨€Lee,le_mcb
496,1570151103181819904,Irfan Hussain,Ch_Irfanhussain
497,1677289464337670150,Ú©Ù…Ù„ÛŒ,kammlii
498,859966733859397633,Pramod H G,realpramodhg
499,1595187646355181569,muhammad raza,AbnewMraza
500,1670122114240909318,Letjahao Inbuon Elin04,Haopu1341972
501,1665570486288515073,Ramiz khan,rmz_8k
502,1666933775559979009,Hussain,ib786786333
503,349511544,Ù†Ø¹ÛŒÙ… Ø§Ø­Ù…Ø¯ Ø¨Ù† Ø¹Ù„ÛŒ Ø§Ø­Ù…Ø¯ Ø¨Ù† Ø§Ø¨Ø±Ø§ÛÛŒÙ…,saawanjutt
504,1670742384966270976,Ø¹Ø§Ù… Ù¾Ø§Ú©Ø³ØªØ§Ù†ÛŒ,pakistani7603
505,894520456329404416,Jaff Ariean,JaffAriean
506,1539626708021780483,Farhan,farhanhasan41
507,467723482,Nero,NeroBossAdikt
508,1226010960961261572,Dr Prashant Das. ğŸ‡®ğŸ‡³ .,office_das
509,146882909,Opti & Pessi,securitystatepk
510,1177928367368224768,Asia Malik,asia_malikk
511,1048385622317195265,â™šâ„‚â„‹ á¯â……â„•á¯â„• â€,1adann
512,1570641506863845377,à¤•à¤®à¤²à¥‡à¤¶ à¤®à¤¿à¤¶à¥à¤° à¤®à¥ˆà¤¥à¤¿à¤² à¤¬à¥à¤°à¤¾à¤¹à¥à¤®à¤£,Kamlesh53540157
513,1684535752238276608,abhi,abhi12792730989
514,2744254544,Ø§Ø­ØªØ´Ø§Ù… Ø§Ù„Ø­Ù‚ Ø´Ø§Ù…ÛŒ,ahtesham9999
515,1572168450,Ø³Ø¬Ø§Ø¯ Ø§Ø­Ù…Ø¯ Ú†ÙˆÚ¾Ø¯Ø±ÛŒ ARAIN,sajjadahmadch
516,2243169224,OMPRAKASH MISHRA,22002Rio
517,1604045406878384128,Sana Mazari,SanaMazariLink
518,1513277670674649098,Mohsin Ali,MohsinA04168600
519,1602366071461351442,Mrs Aurangzaib (Rtg),esha__9
520,356356618,Black Knight BOT,LR_471
521,2586260017,* WE LOVE PAKISTAN *,Za31Ali
522,1006190767335804929,Chaman Sandhu,chamanshahzad12
523,2934514735,Muhammad Usman,therealMUsman
524,2895771618,Surender Punia,surenderkpunia
525,1659940689075896321,Usman Talha,UsmanTalha39245
526,1609951863448961027,Zulfiqar Ali,ZulfAlig
527,1454754348806848515,RahimHassan,RahimRHassan
528,372237280,bushrasajid,bushrasajid
529,1616401823430049792,Fahad khan,IMFahadkhanA
530,1605483123021586433,Ali Raza,19__47
531,1536324208044785664,TOP ONE,Muhamma05047677
532,3938633232,Akash Lala,LalaA2y
533,1694659610228174848,Bear me,saadamir1474634
534,391365195,Shahid S,SShahidk
535,2455642312,Mohammad Ikhlas,MIkhlas28
536,1501428101640867845,InSafiaN.. Tiger....,MalikSh22283618
537,1510526273948377091,Jannat ğŸ‡µğŸ‡°â¤ï¸,jannat_shah8
538,1514376157520711684,Asif,aeasif777
539,1564256892939116545,Riezel vista,Riezelvista2
540,1114943539564175365,3athbeh,Dana_Alzaabi
541,1689606195466682368,Ø¨ÙˆØ¸Ø¨ÙŠ,UAEasd1233
542,51670557,Hassan AL Hammadi,bomariam1
543,2303148844,um3boood556,um3boood556
544,819291867082870784,Ù…Ø²Ø¯Ø­Ù…,Muzdhem
545,1471569914104365061,Sz Sz,ahmed03030303
546,1688172220940525569,Badar Badar,BadarBadar7472
547,1629628427236982786,XoL,15XoL07
548,1641214721893310465,Waled Mustafa,mustafa76waled
549,884049476473815042,Haroon My,HaroonMy1
550,1515055566657314822,Abdullah Albaiti,albaitiam_2005
551,1583014451778912256,it's me hamzi,kolli_siyam
552,1617931616,Hamza Zakaria,HamzaZak1
553,179897514,âœª Ù…Ø­Ù…Ø¯ ÙŠØ­ÙŠÙ‰ Ø§Ù„Ù…Ø³ÙƒØ±ÙŠ,AlMaskary
554,731979691,Ø³Ù„Ø·Ø§Ù† Ø§Ù„Ù…Ø¹Ù…Ø±ÙŠ,sultanAlmamari9
555,287606373,amalr,amalr__
556,247847101,Bu Sultan ï£¿ Ø¨ÙˆØ³Ù„Ø·Ø§Ù†,AhmedBuSultan
557,1485306558128951296,qabasmedia_om,qabasmedia_om
558,462429888,Ù…Ø¨Ø§Ø±Ùƒ,MHQUBAISI
559,1645760953730969600,Abdulraheem Bawazir,Abdulrahee35811
560,2981459365,ØºÙ€Ù…Ù€ÙˆØ¶,lllx7Il
561,1663125271254388737,Usman pti,UsmanArsha96977
562,1572694583120625671,Ø¹Ø¨Ø¯Ø§Ù„Ù„Ù‡ ..,uae11182
563,1563134296046444546,Ù,privunh
564,127108977,Ø§ÙŠØ§Ø¯ Ø§Ù„Ø®Ø²ÙˆØ²,eyadalkhzouz
565,394195954,ğ•,ThursdayHosani
566,283414724,AyeğŸ§šğŸ¼â€â™€ï¸,ayesha37_
567,1596988851666436099,enjoyer ğŸª¼,ia_million
568,778140047061159937,Ø±ÙŠÙ… Ø§Ù„Ø¨Ø±ÙŠÙƒÙŠ,reemalbraiki1
569,1507330195082170391,Ø§Ù… Ø¹Ø¨Ø¯Ø§Ù„Ø¹Ø²ÙŠØ²,HusainFaeza
570,715036428,Ø§Ù„Ù€ ÙŠÙ€Ù€ Ù‚ Ù€ÙŠÙ€Ù€ Ù†,Alyqeen733
571,1653364180517371907,Ali Lahha Al Shehhi,al_lahha
572,1261056967767928839,SB3,Sultaann_3
573,927683957092765696,Ø·Ø§Ø±Ù‚ Ø§Ù„ØºØ±Ø¨Ø§Ù†ÙŠ,YmpSlVAj0IA0dQm
574,832683775221915651,Wissam Dabit,WissamDabit
575,504978631,Ø·Ø§Ø±Ù‚ Ø§Ù„Ø¬Ù†Ø§Ø­ÙŠ,TariqAlJanahi
576,1676121133400178689,Hashimaalafari,hashimaalafari
577,1628369017613287424,CEO,ArabianElon
578,1622325813050843138,Ø¹Ø§Ù„ÙŠØ© Ø¹Ø§Ù„ÙŠØ©,aalyt7946
579,123253125,ğ˜ˆğ˜­ğ˜ºğ˜¢ â‹†,alya_says
580,125273218,ğŸ‡ªğŸ‡¬ ğ“—ğ“ªğ“·ğ”‚,HanyAug
581,245243568,Ø§Ù„Ø­ÙƒÙˆÙ…Ø© Ø§Ù„Ø±Ù‚Ù…ÙŠØ© Ù„Ø¯ÙˆÙ„Ø© Ø§Ù„Ø§Ù…Ø§Ø±Ø§Øª,uaedgov
582,2743951200,Ù,_bluealya
583,1697488205635829760,Faza3,hamdanfaza771
584,968186593,OSAMA ELHARTHY,smsm_love550
585,3122949192,Weld Dubai,im_dubai
586,1244195511441244160,Ø§Ù„Ù’ÙˆÙÙƒÙÙŠÙ„Ù,AfafAlwakil
587,55322173,Ø®Ø§Ù„Ø¯ Ø§Ù„Ù…Ø²Ø±ÙˆØ¹ÙŠ,Khalidalmazroui
588,3222158827,ğ™ğ™ğ™’ğ˜¼ğ™„ğ˜¿ğ™„,MSh3aib
589,1697421495931174912,sheikh hamdan mohammed,sheikh_ham57623
590,1912615824,S O N B L Â®,_SONBL
591,1469297348,yazeeeeeeeeed,buyazed288
592,1417199439849017361,investing maan,InvestingMaan
593,462020197,ØµÙØ§Ø¯Ù’ğŸ’™,Safia1ya
594,2972486928,Ù…Ù€Ø±ÙŠÙ€Ù€Ù… Ø£Ø­Ù…Ù€Ø¯,44mm_
595,1341040300362510336,@Mr.Friday,MrFridaay
596,1335789544696913924,Mahmoud Abdelfattah,Mahmoud86252921
597,299102074,Ø¨Ùˆ Ø²Ø§ÙŠØ¯,MuTaYaM_EmArAtI
598,475082763,Yara ğŸ‡±ğŸ‡§,YaraAdelDiab
599,1285260435042766848,Abdulla Almarzooqi,Lemarzouqi
600,1430256350932750338,Ø®Ø§Ù„Ø¯ Ø§Ù„Ø­ÙˆØ³Ù†ÙŠ,khli1989d
601,3324784824,Alhosani555 Ø§Ø­Ù…Ø¯ Ø§Ù„Ø­ÙˆØ³Ù†ÙŠ,Uae55Alhosani
602,445293273,Ø¥Ø¨Ø±Ø§Ù‡ÙŠÙ… Ø¨Ù‡Ø²Ø§Ø¯,ibahzad
603,1251701495097163781,Ø­Ø³ÙŠÙ† Ø¹Ø¨Ø¯Ø§Ù„Ø±Ø­ÙŠÙ…,gkNYIrUC9zpFBon
604,1657337143780360193,Arjun Ram,ArjunRam63733
605,1118163506,mody,MoyedMod
606,79970951,Digital Dubai Ø¯Ø¨ÙŠ Ø§Ù„Ø±Ù‚Ù…ÙŠØ©,DigitalDubai
607,1679028432020156418,IbrahimMardini,IbrahimMar2369
608,768192927214428160,ğŸ†‚ğŸ…°ğŸ…´ğŸ…´ğŸ…³ ğŸ‡¦ğŸ‡ª,bo_askoor11
609,353757524,Ø´Ø¨ÙƒØ© Ø§Ù„Ø§Ù…Ø§Ø±Ø§Øª Ø§Ù„Ø§Ø®Ø¨Ø§Ø±ÙŠØ© ğŸ‡¦ğŸ‡ª,UAE_Network
610,1600549267147571222,Zubiya Shaikh,ZSY_5
611,1504829425,â¤â¤Ø¹Ø·Ø± Ø§Ù„Ø£Ù…Ù„ â¤â¤,jesusca88087141
612,1047625368809742336,:Â¨Â·.Â·Â¨:,roselloll
613,902056094415147008,ÚªÙ’Ø­Ù’ÙŠÙ’Ù„Ù’Ø¢Ù†Ù’,Kehilaanblushi
614,1533646708869058560,Ù„ÙŠÙ„ÙŠ ØµØ§Ù„Ø­,lylysalh182
615,965671891045421056,Ø§Ù„Ø­ÙŠØ§Ø© Ø¬Ù…ÙŠÙ„Ø©,AlHayat_Jamilah
616,1587403786900967430,mourad,mourad23872536
617,2417148120,Ù…Ø­Ù…Ø¯ Ø¯Ø±ÙˆÙŠØ´ Ø§Ù„Ø¨Ù„ÙˆØ´ÙŠ,mmohd870
618,3160958599,S,shaikhaalmans
619,1000116475808681986,stocksandbeyond,stockandbeyond
620,53957448,Muna ğŸ‡¦ğŸ‡ª,Dr_Desires
621,477197337,Ø¨Ù† Ø£Ø³Ø­Ø§Ù‚ğŸ‡¦ğŸ‡ª,mruae6
622,1523355553631776768,egyptian fighter,newegypt1973
623,1953774541,Ø§Ù„ÙƒÙ„Ø¨Ø§Ù†ÙŠ@UAEâ¤ğŸ‡¦ğŸ‡ª,abudhabisoul999
